trial,selected_by,error,use_standard_sl_tp,stop_loss_parameter_binance,take_profit_parameter_binance,activation_threshold,trailing_distance,adjustment_step,third_level_trailing_distance,enable_breakeven,filtering_active,beobachten_active,seite,min_price_change_pct_min,min_price_change_pct_max,price_change_lookback_minutes,symbol_observation_hours,close_position,allow_short,allow_long,filter_previous_day,previous_day_direction,require_timeframe_alignment,ema_fast_parameter,ema_slow_parameter,ema_baseline_parameter,back_trend_periode,min_trend_strength_parameter,min_trend_duration_parameter,rsi_period,rsi_buy,rsi_sell,rsi_exit_overbought,rsi_exit_oversold,volume_sma,volume_multiplier,volume_entry_multiplier,min_volume,use_momentum_check,momentum_lookback,momentum,use_bb,bb_period,bb_deviation,use_macd,macd_fast_period,macd_slow_period,macd_signal_period,use_adx,adx_period,adx_threshold,use_vwap,use_advanced_vwap,advanced_vwap_std_threshold,use_obv,obv_period,use_chaikin_money_flow,cmf_period,cmf_threshold,interval_int_2,interval_int_3,symbol,total_trades,win_rate,total_profit,max_drawdown,profit_factor,avg_profit,total_commission,avg_slippage,total_slippage,stop_loss_hits,take_profit_hits,signal_exits,trailing_stop_hits,observation_timeout_exits,backtest_end_exits,stop_loss_percent,take_profit_percent,signal_exits_percent,trailing_stop_percent,observation_timeout_percent,backtest_end_percent,advanced_vwap_periods,enable_trailing_take_profit,take_profit_levels,take_profit_size_percentages
608,ML-Guided,,False,0.99,1.0,0.97,5.39,1.18,1.82,False,False,False,short,2.55,16.56,245,6,True,True,True,False,bullish,False,13,133,195,10,0.53,8,8,76,36,83,5,36,1.42,2.72,0.1722,False,36,0.6438,True,29,1.53,False,20,58,13,False,27,39.4,False,True,0.31,False,11,False,35,-0.1,5m,5m,PARTIUSDT,66.0,0.7878787878787878,57.22734894661029,41.1751982302099,1.8596853456667823,0.8670810446456105,8.070522773364878,0.5568181818181748,0.0,1.0,45.0,20.0,0.0,0.0,0.0,1.5151515151515151,68.18181818181817,30.303030303030305,0.0,0.0,0.0,"[42, 147, 200]",True,"[2.6, 2.6, 4.8]","[33.33, 33.33, 33.33]"
572,ML-Guided,,False,0.99,1.0,0.53,5.79,1.21,1.0,False,False,False,short,3.78,19.63,30,4,True,True,True,False,bearish,False,12,60,88,12,1.84,9,10,84,36,95,21,44,1.53,1.49,0.861,True,11,0.4,True,40,2.25,False,20,58,13,True,7,32.7,False,False,2.29,True,24,True,9,-0.17,5m,5m,PARTIUSDT,16.0,0.625,40.47328953450133,52.44927411268716,1.8064431476003515,2.5295805959063333,3.5938057939797234,0.7499999999999823,0.0,2.0,7.0,7.0,2.0,0.0,0.0,11.11111111111111,38.88888888888889,38.88888888888889,11.11111111111111,0.0,0.0,"[11, 86, 255]",False,[4.2],[100.0]
138,ML-Guided,,False,0.99,1.0,0.58,4.25,0.33,2.16,True,False,False,short,1.77,49.7,466,12,False,True,True,False,bullish,False,16,79,202,9,1.93,5,26,72,18,79,3,54,1.39,0.64,0.1644,False,36,0.6438,False,35,1.59,False,20,58,13,True,7,18.0,True,False,2.29,False,11,True,34,-0.18,5m,5m,PARTIUSDT,74.0,0.7702702702702703,39.23992266158248,59.961415680884485,1.297679277291821,0.5302692251565201,8.05441754690618,0.527027027027026,0.0,14.0,56.0,3.0,8.0,0.0,0.0,17.28395061728395,69.1358024691358,3.7037037037037033,9.876543209876544,0.0,0.0,"[13, 137, 215]",True,"[3.1, 4.0, 4.4]","[33.33, 33.33, 33.33]"
556,ML-Guided,,False,0.99,1.0,0.28,5.86,1.02,1.0,True,False,False,both,3.59,23.77,539,11,False,True,True,False,bearish,False,29,78,231,20,2.2,10,7,63,33,93,18,39,0.98,1.29,0.1101,False,36,0.6438,True,45,3.55,False,20,58,13,False,27,39.4,False,True,1.0,True,7,False,35,-0.1,5m,5m,PARTIUSDT,10.0,1.0,37.74994600000004,0.0,1000.0,3.774994600000004,2.250054,0.749999999999989,0.0,0.0,10.0,0.0,0.0,0.0,0.0,0.0,100.0,0.0,0.0,0.0,0.0,"[15, 149, 195]",False,[1.6],[100.0]
432,ML-Guided,,False,0.99,1.0,0.97,0.45,0.95,1.87,False,False,False,short,1.66,22.37,223,4,True,True,True,False,bullish,False,3,90,92,6,3.39,6,15,83,19,93,13,38,3.41,0.85,0.0327,False,36,0.6438,True,21,2.07,True,13,31,16,True,29,15.1,True,True,0.3,False,11,False,35,-0.1,5m,5m,PARTIUSDT,5.0,0.6,34.44626793214926,4.540410616314454,13.724489541910426,6.889253586429852,1.1443907964278597,0.7499999999999856,0.0,0.0,0.0,1.0,0.0,0.0,0.0,0.0,0.0,100.0,0.0,0.0,0.0,"[30, 52, 175]",True,"[1.1, 2.9, 3.3]","[33.33, 33.33, 33.33]"
590,ML-Guided,,False,0.99,1.0,0.93,5.97,0.39,1.0,True,False,False,short,2.51,24.21,467,5,False,True,True,False,bearish,False,28,80,247,16,2.32,5,19,58,44,98,4,46,1.91,0.86,0.9865,False,36,0.6438,True,15,3.17,False,20,58,13,True,17,24.2,True,False,2.29,False,11,True,6,0.26,5m,5m,PARTIUSDT,4.0,0.75,32.10183402553946,12.533369497842244,11.245236616080344,8.025458506384865,0.8824570690074539,0.7500000000000016,0.0,0.0,3.0,1.0,0.0,0.0,0.0,0.0,75.0,25.0,0.0,0.0,0.0,"[48, 125, 189]",False,[4.8],[100.0]
463,ML-Guided,,False,0.99,1.0,0.84,5.89,1.32,4.01,False,False,False,long,3.06,32.55,278,4,True,True,True,False,bearish,False,28,141,226,4,3.84,10,11,85,45,88,14,42,2.74,0.93,0.1518,False,36,0.6438,True,47,2.04,True,5,33,8,False,27,39.4,False,True,0.77,False,11,False,35,-0.1,5m,5m,PARTIUSDT,12.0,1.0,29.437788773117163,0.0,1000.0,2.45314906442643,0.9163593666629009,0.3749999999999855,0.0,0.0,11.0,1.0,0.0,0.0,0.0,0.0,91.66666666666666,8.333333333333332,0.0,0.0,0.0,"[40, 114, 271]",True,"[1.9, 2.7, 4.6]","[33.33, 33.33, 33.33]"
5,Random (Initial Phase),,False,0.99,1.0,0.16,0.52,0.71,1.0,True,False,False,both,3.03,47.54,610,1,True,True,True,False,bullish,False,26,132,69,20,3.35,2,10,74,25,98,14,47,2.29,2.46,0.5914,False,36,0.6438,True,35,2.2,False,20,58,13,True,37,38.5,False,False,2.29,False,11,True,28,0.13,5m,5m,PARTIUSDT,8.0,0.375,28.6531384142334,6.228833513764895,9.730270796677877,3.5816423017791745,1.8097827923658711,0.7499999999999887,0.0,8.0,0.0,0.0,5.0,0.0,0.0,61.53846153846154,0.0,0.0,38.46153846153847,0.0,0.0,"[29, 52, 215]",False,[3.6],[100.0]
475,ML-Guided,,False,0.99,1.0,0.29,4.77,0.15,0.82,True,False,False,long,0.59,37.95,712,2,False,True,True,False,bearish,False,28,90,236,19,0.74,6,15,56,28,82,26,12,2.37,2.72,0.696,False,36,0.6438,False,35,1.59,True,25,46,7,False,27,39.4,False,False,2.29,True,29,False,35,-0.1,5m,5m,PARTIUSDT,42.0,0.8333333333333334,28.118559644816365,35.77365076450741,1.5673001174228314,0.6694895153527706,4.023386124403851,0.5535714285714274,0.0,5.0,35.0,2.0,5.0,0.0,0.0,10.638297872340424,74.46808510638297,4.25531914893617,10.638297872340424,0.0,0.0,"[26, 108, 296]",True,"[1.4, 3.5, 3.8]","[33.33, 33.33, 33.33]"
414,ML-Guided,,False,0.99,1.0,0.79,3.17,0.8,1.0,False,False,False,both,3.83,7.56,160,3,False,True,True,False,bullish,False,13,32,155,13,0.22,3,25,82,43,89,28,39,4.94,2.2,0.4217,True,15,0.74,False,35,1.59,True,25,27,13,False,27,39.4,True,False,2.29,True,25,True,29,0.21,5m,5m,PARTIUSDT,2.0,0.5,26.30808506772112,13.737417919975048,4.219739788234315,13.15404253386056,0.4633971670056269,0.7499999999999698,0.0,1.0,0.0,1.0,0.0,0.0,0.0,50.0,0.0,50.0,0.0,0.0,0.0,"[48, 139, 199]",False,[4.7],[100.0]
604,ML-Guided,,False,0.99,1.0,0.44,5.99,0.78,1.0,False,False,False,both,0.55,44.58,479,4,False,True,True,False,bullish,False,25,123,249,14,0.95,2,5,75,37,78,8,27,1.0,0.76,0.2162,False,36,0.6438,True,42,2.3,True,18,42,19,False,27,39.4,True,False,2.29,True,26,False,35,-0.1,5m,5m,PARTIUSDT,66.0,0.696969696969697,25.567699633929603,132.28014478826623,1.152949642307688,0.3873893883928728,9.76034629576173,0.6704545454545418,0.0,3.0,42.0,21.0,1.0,0.0,0.0,4.477611940298507,62.68656716417911,31.343283582089555,1.4925373134328357,0.0,0.0,"[29, 149, 238]",False,"[2.8, 3.8]","[50.0, 50.0]"
524,ML-Guided,,False,0.99,1.0,0.23,5.35,1.15,4.77,True,False,False,short,3.37,11.62,466,3,False,True,True,False,bullish,False,23,62,152,7,2.71,8,12,73,45,96,12,50,1.65,2.18,0.8262,True,23,0.01,True,16,2.15,False,20,58,13,False,27,39.4,False,True,2.43,False,11,True,28,0.1,5m,5m,PARTIUSDT,15.0,0.8666666666666667,23.792841751721262,19.30461404033923,5.282114657296656,1.5861894501147509,1.139594596356635,0.4499999999999868,0.0,1.0,13.0,1.0,0.0,0.0,0.0,6.666666666666667,86.66666666666667,6.666666666666667,0.0,0.0,0.0,"[41, 123, 155]",True,"[2.2, 2.3, 4.6]","[33.33, 33.33, 33.33]"
531,ML-Guided,,False,0.99,1.0,0.6,4.88,1.2,0.78,True,False,False,long,1.34,23.63,145,2,False,True,True,False,bearish,False,30,109,193,9,4.98,8,6,59,17,86,9,58,1.35,0.81,0.5471,False,36,0.6438,False,35,1.59,True,19,35,13,True,26,34.2,False,True,1.34,True,16,True,39,0.22,5m,5m,PARTIUSDT,5.0,0.8,23.679147221520687,3.367888449336973,14.956832529796646,4.735829444304137,0.6879902118450145,0.749999999999978,0.0,1.0,2.0,2.0,1.0,0.0,0.0,16.666666666666664,33.33333333333333,33.33333333333333,16.666666666666664,0.0,0.0,"[39, 138, 248]",True,"[3.8, 4.8, 4.9]","[33.33, 33.33, 33.33]"
662,ML-Guided,,False,0.99,1.0,0.24,5.09,0.42,3.6,False,False,False,long,4.39,16.0,313,3,True,True,True,False,bearish,False,30,148,121,8,0.09,8,6,63,42,77,16,22,1.14,0.45,0.8945,True,7,0.87,True,21,2.57,False,20,58,13,False,27,39.4,True,False,2.29,False,11,False,35,-0.1,5m,5m,PARTIUSDT,125.0,0.76,21.88538614926299,96.71504329850087,1.1640842746317763,0.1750830891941039,12.510302916205054,0.587999999999998,0.0,2.0,96.0,27.0,1.0,0.0,0.0,1.5873015873015872,76.19047619047619,21.428571428571427,0.7936507936507936,0.0,0.0,"[13, 123, 181]",True,"[1.1, 1.5, 4.3]","[33.33, 33.33, 33.33]"
383,ML-Guided,,False,0.99,1.0,0.59,5.92,1.43,1.0,False,False,False,long,1.31,23.45,691,10,True,True,True,False,bearish,False,18,57,57,6,2.24,6,8,55,38,80,28,48,4.13,0.83,0.9754,True,38,0.59,True,50,3.8,True,12,27,20,False,27,39.4,False,True,0.42,False,11,False,35,-0.1,5m,5m,PARTIUSDT,2.0,1.0,21.55241381022355,0.0,1000.0,10.776206905111774,0.4612561514827678,0.7499999999999852,0.0,0.0,0.0,2.0,0.0,0.0,0.0,0.0,0.0,100.0,0.0,0.0,0.0,"[23, 92, 228]",False,"[3.0, 3.9]","[50.0, 50.0]"
429,ML-Guided,,False,0.99,1.0,0.41,4.56,0.67,1.0,True,False,False,long,1.39,6.61,471,9,True,True,True,False,bearish,False,7,43,102,6,3.92,8,18,78,34,86,27,42,1.32,1.98,0.2196,True,21,0.75,True,30,2.32,False,20,58,13,True,28,20.7,False,True,0.48,True,5,True,17,0.22,5m,5m,PARTIUSDT,4.0,0.75,20.94248125346899,10.603459132832684,4.8431455805035455,5.235620313367248,0.9125347572048031,0.749999999999972,0.0,1.0,3.0,0.0,1.0,0.0,0.0,20.0,60.0,0.0,20.0,0.0,0.0,"[45, 82, 182]",False,[3.6],[100.0]
388,ML-Guided,,False,0.99,1.0,0.85,5.93,0.94,1.66,True,False,False,short,4.2,21.93,134,9,True,True,True,False,bullish,False,28,89,236,20,1.13,9,30,79,35,80,8,59,0.96,2.78,0.5848,True,31,0.78,True,40,2.86,False,20,58,13,True,25,16.4,True,True,0.38,False,11,False,35,-0.1,5m,5m,PARTIUSDT,19.0,0.7368421052631579,18.50628104945332,49.09795238518136,1.4202249854516316,0.9740147920764906,2.462590142434796,0.5921052631578893,0.0,3.0,12.0,4.0,2.0,0.0,0.0,14.285714285714285,57.14285714285714,19.047619047619047,9.523809523809524,0.0,0.0,"[44, 79, 263]",True,"[3.9, 4.0, 4.7]","[33.33, 33.33, 33.33]"
673,ML-Guided,,False,0.99,1.0,0.91,5.86,1.49,1.0,True,False,False,short,3.62,9.63,501,2,True,True,True,False,bearish,False,15,120,250,3,4.26,8,23,60,15,91,1,18,3.99,1.02,0.8568,True,39,0.47,True,25,3.16,False,20,58,13,False,27,39.4,False,True,0.7,False,11,False,35,-0.1,5m,5m,PARTIUSDT,4.0,1.0,18.054224350000016,0.0,1000.0,4.513556087500004,0.8887756499999999,0.7500000000000103,0.0,0.0,4.0,0.0,0.0,0.0,0.0,0.0,100.0,0.0,0.0,0.0,0.0,"[11, 124, 219]",False,[1.9],[100.0]
551,ML-Guided,,False,0.99,1.0,0.7,5.62,1.4,1.0,True,False,False,both,2.19,9.84,313,7,False,True,True,False,bullish,False,29,112,50,16,4.69,3,6,55,39,75,17,59,1.95,2.42,0.069,False,36,0.6438,False,35,1.59,False,20,58,13,False,27,39.4,False,False,2.29,True,24,True,19,-0.04,5m,5m,PARTIUSDT,2.0,1.0,18.049975025000013,0.0,1000.0,9.024987512500006,0.4500249749999999,0.7499999999999687,0.0,0.0,2.0,0.0,0.0,0.0,0.0,0.0,100.0,0.0,0.0,0.0,0.0,"[47, 145, 174]",False,[3.7],[100.0]
19,Random (Waiting for Data: 8/10),,False,0.99,1.0,0.63,4.99,1.38,1.0,True,False,False,both,1.15,34.45,151,12,False,True,True,False,bullish,False,28,113,72,11,0.87,4,26,69,30,96,27,47,3.29,1.56,0.0202,True,20,0.81,False,35,1.59,False,20,58,13,False,27,39.4,True,True,1.67,True,20,False,35,-0.1,5m,5m,PARTIUSDT,6.0,0.8333333333333334,16.892399216086076,6.431550176018175,8.207426367330338,2.8153998693476794,0.684934800307377,0.4999999999999857,0.0,1.0,5.0,0.0,1.0,0.0,0.0,14.285714285714285,71.42857142857143,0.0,14.285714285714285,0.0,0.0,"[40, 101, 190]",False,"[3.0, 3.4]","[50.0, 50.0]"
612,ML-Guided,,False,0.99,1.0,0.36,5.46,0.14,1.0,False,False,False,short,2.49,42.53,149,7,False,True,True,False,bullish,False,23,124,242,19,1.58,3,6,58,28,96,17,52,4.34,0.8,0.7765,False,36,0.6438,True,31,3.39,False,20,58,13,False,27,39.4,False,True,0.31,False,11,False,35,-0.1,5m,5m,PARTIUSDT,16.0,0.625,15.13662957939228,57.39741418445233,1.2628235483467551,0.9460393487120174,3.58343328380838,0.7499999999999848,0.0,3.0,8.0,5.0,1.0,0.0,0.0,17.647058823529413,47.05882352941176,29.411764705882355,5.88235294117647,0.0,0.0,"[27, 54, 206]",False,[3.3],[100.0]
183,ML-Guided,,False,0.99,1.0,0.34,5.69,1.45,2.67,True,False,False,short,0.92,19.41,66,4,True,True,True,False,bullish,False,4,42,92,6,1.27,7,24,83,41,84,21,22,1.46,0.61,0.1136,True,21,0.07,False,35,1.59,True,24,26,20,True,34,17.1,True,False,2.29,False,11,False,35,-0.1,5m,5m,PARTIUSDT,48.0,0.75,14.636152749650016,42.57089685641768,1.2629342358260054,0.304919848951042,4.730721892725343,0.5781249999999931,0.0,3.0,35.0,10.0,2.0,0.0,0.0,6.0,70.0,20.0,4.0,0.0,0.0,"[44, 92, 277]",True,"[0.7, 3.3, 3.6]","[33.33, 33.33, 33.33]"
489,ML-Guided,,False,0.99,1.0,0.67,0.7,0.94,2.37,True,False,False,short,2.97,7.11,716,11,False,True,True,False,bearish,False,4,122,166,7,3.25,1,11,84,44,96,26,52,1.74,2.19,0.9669,True,33,0.33,False,35,1.59,True,17,47,11,True,9,20.2,True,True,1.38,False,11,False,35,-0.1,5m,5m,PARTIUSDT,9.0,0.2222222222222222,14.42459371274845,23.720521649999824,2.1843454895041674,1.602732634749828,2.0354891769269097,0.7499999999999929,0.0,8.0,0.0,0.0,2.0,0.0,0.0,80.0,0.0,0.0,20.0,0.0,0.0,"[23, 119, 189]",True,"[2.4, 2.7, 4.7]","[33.33, 33.33, 33.33]"
712,ML-Guided,,False,0.99,1.0,0.48,1.32,1.04,2.37,False,False,False,both,3.78,15.93,705,3,True,True,True,False,bullish,False,26,69,206,19,0.51,4,12,71,28,83,13,58,1.71,3.0,0.9677,False,36,0.6438,False,35,1.59,False,20,58,13,True,16,29.0,False,True,1.59,False,11,True,39,-0.27,5m,5m,PARTIUSDT,17.0,0.7058823529411765,14.3140641408593,7.172987000700272,4.025985152965735,0.8420037729917235,2.23580255998462,0.661764705882353,0.0,7.0,8.0,0.0,7.0,0.0,0.0,31.818181818181817,36.36363636363637,0.0,31.818181818181817,0.0,0.0,"[26, 91, 235]",True,"[1.1, 1.6, 4.7]","[33.33, 33.33, 33.33]"
371,ML-Guided,,False,0.99,1.0,0.34,1.26,1.5,1.0,False,False,False,long,4.43,29.43,430,4,False,True,True,False,bearish,False,4,33,140,6,3.01,2,24,79,39,97,6,28,4.61,2.77,0.1565,True,2,0.2,True,34,3.83,True,12,40,10,False,27,39.4,False,True,0.36,True,7,False,35,-0.1,5m,5m,PARTIUSDT,2.0,0.5,13.964909129873424,13.534812989999908,5.127108114516631,6.982454564936712,0.4578402372151898,0.7499999999999818,0.0,2.0,0.0,0.0,0.0,0.0,0.0,100.0,0.0,0.0,0.0,0.0,0.0,"[26, 55, 192]",False,"[4.2, 4.5]","[50.0, 50.0]"
546,ML-Guided,,False,0.99,1.0,0.19,5.44,1.47,1.0,True,False,False,long,2.69,43.47,550,7,True,True,True,False,bearish,False,4,137,136,13,4.58,7,6,55,40,93,30,39,1.83,1.29,0.9724,True,24,0.67,True,19,2.26,True,7,39,12,False,27,39.4,True,False,2.29,False,11,True,27,-0.24,5m,5m,PARTIUSDT,12.0,0.8333333333333334,13.958961571454148,44.84469596399185,1.835211339353901,1.163246797621179,1.5632899867987862,0.5625000000000011,0.0,0.0,10.0,2.0,0.0,0.0,0.0,0.0,83.33333333333334,16.666666666666664,0.0,0.0,0.0,"[46, 117, 192]",False,"[2.2, 2.9]","[50.0, 50.0]"
651,ML-Guided,,False,0.99,1.0,0.38,5.3,0.81,1.0,False,False,False,both,1.58,33.58,330,12,True,True,True,False,bearish,False,21,149,165,8,4.21,2,6,61,45,85,15,55,4.12,2.58,0.8845,False,36,0.6438,True,37,3.1,False,20,58,13,False,27,39.4,True,True,1.48,False,11,True,13,0.04,5m,5m,PARTIUSDT,4.0,1.0,13.549981100000036,0.0,1000.0,3.387495275000009,0.4500188999999999,0.5624999999999931,0.0,0.0,4.0,0.0,0.0,0.0,0.0,0.0,100.0,0.0,0.0,0.0,0.0,"[24, 146, 220]",False,"[1.8, 3.8]","[50.0, 50.0]"
675,ML-Guided,,False,0.99,1.0,0.19,5.08,0.99,1.0,False,False,False,short,2.85,31.13,122,6,True,True,True,False,bearish,False,6,77,237,18,3.72,1,11,70,16,81,9,18,1.71,0.98,0.8836,True,3,0.39,True,11,2.43,False,20,58,13,False,27,39.4,False,True,1.02,False,11,True,14,-0.08,5m,5m,PARTIUSDT,9.0,0.8888888888888888,12.82776552951058,12.583684828733835,4.111066386264449,1.425307281056731,1.1346580906290626,0.7499999999999716,0.0,1.0,4.0,4.0,1.0,0.0,0.0,10.0,40.0,40.0,10.0,0.0,0.0,"[32, 136, 185]",False,"[0.5, 2.8]","[50.0, 50.0]"
4,Random (Initial Phase),,False,0.99,1.0,0.45,3.23,1.14,1.0,False,False,False,long,4.19,48.04,360,5,False,True,True,False,bearish,False,21,47,159,20,2.0,5,12,64,23,94,6,22,1.73,2.15,0.4771,False,36,0.6438,True,38,2.45,False,20,58,13,True,38,36.2,False,False,2.29,True,15,False,35,-0.1,5m,5m,PARTIUSDT,5.0,0.8,12.27124880125005,18.17503403155242,2.4822635115877687,2.45424976025001,0.6779761987499999,0.6000000000000055,0.0,1.0,4.0,0.0,0.0,0.0,0.0,20.0,80.0,0.0,0.0,0.0,0.0,"[46, 73, 222]",False,"[3.4, 5.0]","[50.0, 50.0]"
35,ML-Guided,,False,0.99,1.0,0.21,1.88,1.32,1.0,False,False,False,long,4.12,43.07,472,4,True,True,True,False,bullish,False,22,129,186,18,2.48,2,24,62,16,98,4,17,1.05,1.34,0.1565,False,36,0.6438,True,29,1.73,False,20,58,13,False,27,39.4,False,True,2.4,True,10,True,30,-0.12,5m,5m,PARTIUSDT,15.0,0.7333333333333333,12.109073913439095,21.75581684292581,1.962780217218886,0.8072715942292731,2.009678871246891,0.7499999999999905,0.0,7.0,8.0,0.0,5.0,0.0,0.0,35.0,40.0,0.0,25.0,0.0,0.0,"[46, 104, 184]",False,"[1.4, 4.2]","[50.0, 50.0]"
279,ML-Guided,,False,0.99,1.0,0.41,0.55,0.75,1.0,False,False,False,long,0.8,20.82,36,10,True,True,True,False,bullish,False,14,59,248,10,2.33,6,19,85,32,91,4,34,0.87,2.92,0.0367,False,36,0.6438,False,35,1.59,False,20,58,13,False,27,39.4,True,True,0.3,False,11,False,35,-0.1,5m,5m,PARTIUSDT,8.0,0.75,11.941618937499989,9.143929169218469,4.722033515710713,1.4927023671874986,1.8001310625,0.7499999999999868,0.0,0.0,0.0,0.0,0.0,0.0,0.0,0.0,0.0,0.0,0.0,0.0,0.0,"[33, 108, 236]",False,[1.1],[100.0]
545,ML-Guided,,False,0.99,1.0,0.97,4.68,0.06,1.84,False,False,False,short,4.06,43.47,605,2,True,True,True,False,bearish,False,26,142,140,7,4.83,3,20,65,42,96,28,14,2.73,2.41,0.4461,True,37,0.95,True,33,3.32,False,20,58,13,True,37,21.0,False,False,2.29,False,11,True,34,-0.11,5m,5m,PARTIUSDT,10.0,0.9,11.941546495771355,13.85068330500755,4.448651949598482,1.1941546495771356,0.8915251177739046,0.6749999999999913,0.0,1.0,9.0,0.0,0.0,0.0,0.0,10.0,90.0,0.0,0.0,0.0,0.0,"[25, 148, 241]",True,"[1.5, 2.7, 4.4]","[33.33, 33.33, 33.33]"
387,ML-Guided,,False,0.99,1.0,0.16,5.87,1.24,1.0,False,False,False,short,3.76,7.78,263,6,True,True,True,False,bullish,False,5,92,166,12,4.52,2,6,76,42,80,20,60,2.29,2.6,0.7087,True,6,0.3,True,29,2.97,True,7,32,12,False,27,39.4,True,False,2.29,True,15,True,10,0.29,5m,5m,PARTIUSDT,1.0,1.0,10.861438815789487,0.0,1000.0,10.861438815789487,0.230666447368421,0.7499999999999953,0.0,0.0,0.0,1.0,0.0,0.0,0.0,0.0,0.0,100.0,0.0,0.0,0.0,"[41, 117, 227]",False,"[3.0, 4.4]","[50.0, 50.0]"
638,ML-Guided,,False,0.99,1.0,0.59,0.94,1.28,1.0,False,False,False,short,0.8,27.64,714,10,False,True,True,False,bullish,False,19,98,61,20,2.72,9,9,73,15,88,7,57,3.72,0.42,0.8326,False,36,0.6438,True,49,3.02,False,20,58,13,False,27,39.4,False,True,0.36,False,11,True,6,-0.24,5m,5m,PARTIUSDT,2.0,1.0,10.81418806338505,0.0,1000.0,5.407094031692525,0.44358400257032,0.7500000000000056,0.0,1.0,0.0,0.0,1.0,0.0,0.0,50.0,0.0,0.0,50.0,0.0,0.0,"[50, 97, 270]",False,"[3.6, 4.5]","[50.0, 50.0]"
585,ML-Guided,,False,0.99,1.0,0.5,5.65,0.69,1.0,True,False,False,both,2.44,24.67,170,6,False,True,True,False,bearish,False,29,96,180,15,1.05,4,27,62,43,90,8,36,2.75,2.51,0.5687,True,36,0.26,False,35,1.59,True,17,34,15,False,27,39.4,False,True,0.31,True,30,True,20,-0.25,5m,5m,PARTIUSDT,1.0,1.0,10.802360150000004,0.0,1000.0,10.802360150000004,0.2306398499999999,0.7499999999999767,0.0,0.0,1.0,0.0,0.0,0.0,0.0,0.0,100.0,0.0,0.0,0.0,0.0,"[45, 149, 263]",False,[4.4],[100.0]
655,ML-Guided,,False,0.99,1.0,0.94,4.97,0.13,0.63,False,False,False,short,3.21,14.74,720,7,False,True,True,False,bearish,False,17,32,201,11,1.63,9,11,70,23,76,6,45,3.46,1.08,0.0896,True,24,0.77,True,39,2.79,True,6,57,16,True,37,26.0,False,True,1.93,False,11,False,35,-0.1,5m,5m,PARTIUSDT,2.0,0.5,10.796672764543358,6.969819938811045,5.025775754585595,5.398336382271679,0.4564138889940917,0.7499999999999676,0.0,0.0,0.0,2.0,0.0,0.0,0.0,0.0,0.0,100.0,0.0,0.0,0.0,"[25, 107, 293]",True,"[3.1, 4.4, 4.9]","[33.33, 33.33, 33.33]"
636,ML-Guided,,False,0.99,1.0,0.9,5.23,0.96,1.0,True,False,False,long,4.31,7.03,152,7,True,True,True,False,bearish,False,27,96,209,9,1.55,7,8,59,39,92,28,59,4.73,1.68,0.2673,False,36,0.6438,False,35,1.59,False,20,58,13,True,22,16.4,True,False,2.29,True,16,False,35,-0.1,5m,5m,PARTIUSDT,2.0,1.0,10.426404406249985,0.0,1000.0,5.213202203124992,0.2304705937499999,0.7499999999999953,0.0,0.0,2.0,0.0,0.0,0.0,0.0,0.0,100.0,0.0,0.0,0.0,0.0,"[32, 117, 195]",False,"[3.6, 4.9]","[50.0, 50.0]"
274,ML-Guided,,False,0.99,1.0,0.39,2.05,0.62,1.0,True,False,False,long,3.41,5.94,592,7,True,True,True,False,bullish,False,21,135,77,18,4.59,5,18,58,45,86,6,42,2.16,0.93,0.3114,False,36,0.6438,True,42,2.94,False,20,58,13,False,27,39.4,False,False,2.29,False,11,False,35,-0.1,5m,5m,PARTIUSDT,15.0,0.6,10.317298951016475,19.106835445112928,2.0322864579676665,0.687819930067765,2.925139339511104,0.6499999999999932,0.0,12.0,3.0,0.0,12.0,0.0,0.0,44.44444444444444,11.11111111111111,0.0,44.44444444444444,0.0,0.0,"[40, 140, 227]",False,"[3.6, 3.9]","[50.0, 50.0]"
681,ML-Guided,,False,0.99,1.0,0.82,4.19,1.31,1.0,False,False,False,both,2.89,12.9,33,7,True,True,True,False,bullish,False,4,145,50,8,4.25,7,14,62,39,92,16,18,3.43,0.65,0.221,True,37,0.58,True,35,1.59,False,20,58,13,False,27,39.4,False,False,2.29,False,11,True,40,-0.3,5m,5m,PARTIUSDT,5.0,0.8,9.875398385825614,14.436967556748693,2.678207411842743,1.975079677165123,0.668230367061201,0.7500000000000006,0.0,0.0,4.0,1.0,0.0,0.0,0.0,0.0,80.0,20.0,0.0,0.0,0.0,"[16, 95, 155]",False,"[2.6, 3.9]","[50.0, 50.0]"
168,ML-Guided,,False,0.99,1.0,0.41,3.66,1.24,1.0,True,False,False,both,0.55,9.25,458,4,True,True,True,False,bullish,False,12,44,239,11,4.64,5,26,81,44,88,8,50,1.77,2.96,0.3339,True,15,0.4,True,18,3.04,True,18,59,11,False,27,39.4,True,False,2.29,True,10,True,33,0.28,5m,5m,PARTIUSDT,1.0,1.0,9.799811500000004,0.0,1000.0,9.799811500000004,0.2301884999999999,0.7499999999999953,0.0,0.0,1.0,0.0,0.0,0.0,0.0,0.0,100.0,0.0,0.0,0.0,0.0,"[20, 143, 159]",False,[4.0],[100.0]
646,ML-Guided,,False,0.99,1.0,0.94,5.38,1.5,1.0,True,False,False,long,3.45,42.54,534,5,True,True,True,False,bullish,False,12,33,84,14,2.5,2,10,72,43,97,6,57,1.64,1.79,0.9012,True,31,0.24,False,35,1.59,False,20,58,13,False,27,39.4,False,False,2.29,True,22,False,35,-0.1,5m,5m,PARTIUSDT,5.0,0.6,9.580721882023836,39.83722187807537,1.546933728157121,1.9161443764047672,1.123541893699075,0.749999999999982,0.0,2.0,3.0,0.0,2.0,0.0,0.0,28.57142857142857,42.85714285714285,0.0,28.57142857142857,0.0,0.0,"[26, 133, 160]",False,[3.7],[100.0]
447,ML-Guided,,False,0.99,1.0,0.37,5.98,0.19,1.0,True,False,False,short,3.07,5.28,675,11,False,True,True,False,bullish,False,6,84,246,8,3.75,1,23,59,34,77,13,17,1.21,2.41,0.5173,False,36,0.6438,False,35,1.59,True,5,43,15,True,27,30.9,False,False,2.29,False,11,True,37,-0.27,5m,5m,PARTIUSDT,2.0,1.0,9.525836500000018,0.0,1000.0,4.762918250000009,0.4441635,0.7500000000000019,0.0,0.0,2.0,0.0,0.0,0.0,0.0,0.0,100.0,0.0,0.0,0.0,0.0,"[38, 63, 153]",False,[2.0],[100.0]
527,ML-Guided,,False,0.99,1.0,0.92,5.96,1.33,2.31,False,False,False,short,3.12,40.57,505,11,False,True,True,False,bullish,False,14,140,199,5,4.7,2,24,65,42,94,10,12,2.37,2.24,0.8278,False,36,0.6438,False,35,1.59,True,12,39,6,True,7,15.7,True,False,2.29,False,11,True,31,0.06,5m,5m,PARTIUSDT,6.0,1.0,9.485949976240043,0.0,1000.0,1.5809916627066738,0.4501970564181074,0.3749999999999948,0.0,0.0,6.0,0.0,0.0,0.0,0.0,0.0,100.0,0.0,0.0,0.0,0.0,"[10, 89, 231]",True,"[2.4, 2.4, 4.7]","[33.33, 33.33, 33.33]"
311,ML-Guided,,False,0.99,1.0,0.42,5.93,0.17,3.12,False,False,False,both,1.92,15.66,203,9,False,True,True,False,bearish,False,7,121,192,9,3.95,1,17,61,32,83,28,33,3.06,2.87,0.1998,False,36,0.6438,True,29,3.56,True,23,30,19,False,27,39.4,False,True,0.41,False,11,True,26,-0.07,5m,5m,PARTIUSDT,3.0,1.0,9.382082895833328,0.0,1000.0,3.127360965277776,0.2300004374999999,0.7499999999999751,0.0,0.0,3.0,0.0,0.0,0.0,0.0,0.0,100.0,0.0,0.0,0.0,0.0,"[34, 119, 194]",True,"[3.0, 3.5, 5.0]","[33.33, 33.33, 33.33]"
450,ML-Guided,,False,0.99,1.0,0.23,5.9,1.32,1.0,False,False,False,long,1.87,35.31,241,5,True,True,True,False,bullish,False,11,102,221,6,4.35,3,6,68,22,92,19,19,3.81,1.95,0.5629,False,36,0.6438,False,35,1.59,False,20,58,13,False,27,39.4,True,False,2.29,False,11,False,35,-0.1,5m,5m,PARTIUSDT,4.0,0.5,9.088273277087472,26.43900302144243,1.960532699886897,2.272068319271868,0.9027296986609132,0.750000000000001,0.0,1.0,2.0,1.0,1.0,0.0,0.0,20.0,40.0,20.0,20.0,0.0,0.0,"[12, 75, 184]",False,[3.8],[100.0]
368,ML-Guided,,False,0.99,1.0,0.41,4.89,1.33,1.0,False,False,False,short,0.61,18.97,281,8,True,True,True,False,bearish,False,8,39,83,12,3.5,8,13,68,39,94,29,10,1.09,2.91,0.1885,True,28,0.3,True,44,2.64,True,25,26,12,True,15,16.7,False,False,2.29,False,11,False,35,-0.1,5m,5m,PARTIUSDT,1.0,1.0,9.047900012499978,0.0,1000.0,9.047900012499978,0.2298499874999999,0.7499999999999636,0.0,0.0,1.0,0.0,0.0,0.0,0.0,0.0,100.0,0.0,0.0,0.0,0.0,"[23, 134, 191]",False,[3.7],[100.0]
554,ML-Guided,,False,0.99,1.0,0.37,3.94,1.4,5.59,True,False,False,both,3.22,13.95,631,2,True,True,True,False,bullish,False,29,109,250,16,1.32,6,10,80,45,82,30,50,4.66,1.69,0.2992,False,36,0.6438,True,26,2.87,True,24,34,20,False,27,39.4,False,False,2.29,False,11,True,29,-0.2,5m,5m,PARTIUSDT,9.0,0.7777777777777778,9.036227590265389,34.18428462390216,1.5245823463740178,1.0040252878072655,1.1313807515029364,0.5833333333333216,0.0,2.0,6.0,1.0,2.0,0.0,0.0,18.181818181818183,54.54545454545454,9.090909090909092,18.181818181818183,0.0,0.0,"[24, 82, 287]",True,"[2.1, 2.7, 3.7]","[33.33, 33.33, 33.33]"
607,ML-Guided,,False,0.99,1.0,0.98,4.98,1.32,4.26,True,False,False,short,0.8,46.89,445,5,True,True,True,False,bearish,False,27,88,107,5,1.82,5,12,65,33,78,2,34,4.21,0.4,0.5298,True,27,0.51,False,35,1.59,False,20,58,13,True,20,27.8,False,False,2.29,True,11,True,31,0.27,5m,5m,PARTIUSDT,3.0,1.0,9.002075012500018,0.0,1000.0,3.00069167083334,0.2201749875,0.2499999999999997,0.0,0.0,3.0,0.0,0.0,0.0,0.0,0.0,100.0,0.0,0.0,0.0,0.0,"[37, 128, 188]",True,"[3.1, 3.7, 4.3]","[33.33, 33.33, 33.33]"
306,ML-Guided,,False,0.99,1.0,0.73,1.72,0.45,1.0,False,False,False,both,3.79,20.46,669,5,False,True,True,False,bearish,False,11,34,172,15,1.7,2,29,61,38,78,5,58,3.77,2.55,0.1888,True,6,0.89,True,31,3.73,True,5,49,8,True,10,19.9,False,False,2.29,False,11,False,35,-0.1,5m,5m,PARTIUSDT,2.0,1.0,8.67194426874999,0.0,1000.0,4.335972134374995,0.2296807312499999,0.3749999999999858,0.0,0.0,2.0,0.0,0.0,0.0,0.0,0.0,100.0,0.0,0.0,0.0,0.0,"[18, 94, 242]",False,"[3.0, 4.1]","[50.0, 50.0]"
695,ML-Guided,,False,0.99,1.0,0.12,0.68,1.5,1.0,True,False,False,short,2.61,29.66,716,7,False,True,True,False,bullish,False,12,60,202,10,4.7,9,23,68,44,96,19,55,4.29,1.9,0.0797,True,25,0.69,True,19,1.94,False,20,58,13,True,10,39.3,False,False,2.29,False,11,False,35,-0.1,5m,5m,PARTIUSDT,2.0,0.5,8.371078120000016,5.467275750575283,5.337328860560184,4.185539060000008,0.4553218799999999,0.7499999999999649,0.0,1.0,0.0,0.0,0.0,0.0,0.0,100.0,0.0,0.0,0.0,0.0,0.0,"[33, 69, 168]",False,[4.2],[100.0]
33,ML-Guided,,False,0.99,1.0,0.99,4.81,1.28,1.0,False,False,False,both,3.11,46.33,224,5,False,True,True,False,bullish,False,27,62,216,4,3.02,9,15,82,27,97,2,43,1.85,0.69,0.4174,True,24,0.26,False,35,1.59,False,20,58,13,False,27,39.4,False,False,2.29,True,12,False,35,-0.1,5m,5m,PARTIUSDT,8.0,0.875,8.304823825486594,9.89231870229519,3.5501393298915684,1.0381029781858242,0.8923576191500865,0.6562499999999891,0.0,1.0,7.0,0.0,1.0,0.0,0.0,11.11111111111111,77.77777777777779,0.0,11.11111111111111,0.0,0.0,"[14, 124, 170]",False,"[0.6, 2.5]","[50.0, 50.0]"
369,ML-Guided,,False,0.99,1.0,0.27,5.97,1.46,1.0,True,False,False,short,4.39,7.78,364,11,True,True,True,False,bearish,False,12,87,240,3,1.77,1,24,64,30,91,11,10,4.45,1.88,0.432,True,22,0.36,False,35,1.59,False,20,58,13,False,27,39.4,False,True,0.38,False,11,False,35,-0.1,5m,5m,PARTIUSDT,1.0,1.0,8.295988525000007,0.0,1000.0,8.295988525000007,0.2295114749999999,0.7499999999999807,0.0,0.0,1.0,0.0,0.0,0.0,0.0,0.0,100.0,0.0,0.0,0.0,0.0,"[27, 121, 206]",False,[3.4],[100.0]
278,ML-Guided,,False,0.99,1.0,0.18,0.92,1.11,1.9,False,False,False,long,4.29,19.42,205,1,False,True,True,False,bullish,False,23,123,83,15,0.63,5,27,65,45,77,30,18,4.2,2.16,0.0209,True,31,0.13,True,46,2.95,False,20,58,13,False,27,39.4,False,False,2.29,False,11,False,35,-0.1,5m,5m,PARTIUSDT,22.0,0.5909090909090909,8.020317944479057,18.75141530348928,1.4969717193229626,0.3645599065672298,3.833239542612998,0.6136363636363484,0.0,15.0,6.0,0.0,10.0,0.0,0.0,48.38709677419355,19.35483870967742,0.0,32.25806451612903,0.0,0.0,"[42, 138, 273]",True,"[1.5, 2.2, 4.0]","[33.33, 33.33, 33.33]"
196,ML-Guided,,False,0.99,1.0,0.27,4.64,1.05,5.96,False,False,False,both,1.89,18.05,105,4,True,True,True,False,bearish,False,10,80,141,5,3.83,8,23,72,45,84,11,18,4.77,2.91,0.1791,False,36,0.6438,False,35,1.59,False,20,58,13,True,17,28.5,False,True,1.82,False,11,False,35,-0.1,5m,5m,PARTIUSDT,3.0,1.0,7.961805641666644,0.0,1000.0,2.653935213888881,0.2293610249999999,0.4999999999999855,0.0,0.0,3.0,0.0,0.0,0.0,0.0,0.0,100.0,0.0,0.0,0.0,0.0,"[47, 92, 262]",True,"[2.1, 3.7, 4.0]","[33.33, 33.33, 33.33]"
216,ML-Guided,,False,0.99,1.0,0.42,2.74,0.6,3.94,True,False,False,short,4.65,5.34,704,2,False,True,True,False,bullish,False,21,103,50,7,1.39,8,26,64,45,80,21,25,2.89,2.79,0.8578,True,17,0.53,False,35,1.59,True,19,39,10,True,12,34.8,False,True,0.98,False,11,True,6,-0.28,5m,5m,PARTIUSDT,3.0,1.0,7.711168479166657,0.0,1000.0,2.5703894930555524,0.2292481874999999,0.7499999999999719,0.0,0.0,3.0,0.0,0.0,0.0,0.0,0.0,100.0,0.0,0.0,0.0,0.0,"[21, 124, 290]",True,"[1.4, 3.3, 4.8]","[33.33, 33.33, 33.33]"
598,ML-Guided,,False,0.99,1.0,0.77,5.06,0.61,4.57,False,False,False,both,4.91,37.19,223,3,True,True,True,False,bearish,False,9,64,243,12,3.96,10,5,75,33,93,10,52,5.0,0.74,0.9418,True,7,0.74,True,11,2.08,True,14,56,8,True,18,33.9,False,False,2.29,True,24,False,35,-0.1,5m,5m,PARTIUSDT,5.0,1.0,7.58670177593306,0.0,1000.0,1.517340355186612,0.4549687517374516,0.5999999999999791,0.0,0.0,4.0,1.0,0.0,0.0,0.0,0.0,80.0,20.0,0.0,0.0,0.0,"[32, 105, 223]",True,"[0.6, 1.9, 2.5]","[33.33, 33.33, 33.33]"
573,ML-Guided,,False,0.99,1.0,0.57,5.64,1.47,1.0,True,False,False,both,0.89,21.69,500,5,False,True,True,False,bearish,False,15,52,68,11,4.11,5,30,84,36,88,27,55,3.76,0.41,0.2108,False,36,0.6438,True,49,2.18,False,20,58,13,True,26,24.8,True,False,2.29,False,11,True,38,0.18,5m,5m,PARTIUSDT,1.0,1.0,7.544077037499965,0.0,1000.0,7.544077037499965,0.2291729624999999,0.7499999999999722,0.0,0.0,1.0,0.0,0.0,0.0,0.0,0.0,100.0,0.0,0.0,0.0,0.0,"[47, 139, 216]",False,[3.1],[100.0]
364,ML-Guided,,False,0.99,1.0,0.96,5.99,0.73,4.75,True,False,False,both,4.07,8.59,664,7,False,True,True,False,bearish,False,3,130,112,18,2.85,10,21,66,44,78,10,50,4.5,0.91,0.2756,False,36,0.6438,True,38,3.93,False,20,58,13,False,27,39.4,False,True,1.56,False,11,True,31,-0.25,5m,5m,PARTIUSDT,12.0,0.75,7.295753502083333,0.1268684321542271,74.04415168894843,0.6079794585069443,0.8962048312500001,0.4999999999999958,0.0,3.0,9.0,0.0,0.0,0.0,0.0,25.0,75.0,0.0,0.0,0.0,0.0,"[29, 138, 290]",True,"[0.6, 1.0, 3.3]","[33.33, 33.33, 33.33]"
560,ML-Guided,,False,0.99,1.0,0.96,1.74,0.22,5.94,True,False,False,both,1.19,41.95,521,11,True,True,True,False,bullish,False,4,132,247,10,4.42,6,7,58,26,98,15,46,1.9,1.27,0.0326,True,27,0.95,True,42,2.83,True,25,42,5,True,32,38.0,True,False,2.29,True,14,True,25,0.22,5m,5m,PARTIUSDT,11.0,0.8181818181818182,7.279387537158872,12.763509969604042,1.7955625006601557,0.6617625033780793,1.115270658811813,0.6136363636363609,0.0,2.0,8.0,0.0,0.0,0.0,0.0,20.0,80.0,0.0,0.0,0.0,0.0,"[39, 138, 258]",True,"[0.9, 2.3, 3.9]","[33.33, 33.33, 33.33]"
421,ML-Guided,,False,0.99,1.0,0.87,5.77,1.33,0.54,True,False,False,long,4.09,34.77,307,5,True,True,True,False,bearish,False,20,131,147,10,3.61,7,7,72,34,91,10,48,3.65,1.19,0.1103,True,6,1.0,True,20,2.91,False,20,58,13,False,27,39.4,True,False,2.29,True,29,False,35,-0.1,5m,5m,PARTIUSDT,3.0,1.0,7.18697757068715,0.0,1000.0,2.39565919022905,0.2290121953947368,0.4999999999999969,0.0,0.0,3.0,0.0,0.0,0.0,0.0,0.0,100.0,0.0,0.0,0.0,0.0,"[14, 120, 277]",True,"[1.8, 3.7, 4.2]","[33.33, 33.33, 33.33]"
2,Random (Initial Phase),,False,0.99,1.0,0.62,3.47,1.4,3.85,False,False,False,long,2.09,24.46,199,6,False,True,True,False,bearish,False,24,40,89,16,0.97,1,26,61,30,90,5,35,1.6,2.63,0.1171,False,36,0.6438,False,35,1.59,False,20,58,13,False,27,39.4,True,False,2.29,False,11,False,35,-0.1,5m,5m,PARTIUSDT,13.0,0.6923076923076923,7.161335821511077,31.88365214465999,1.3703085965940989,0.5508719862700828,1.7940625678178252,0.5769230769230751,0.0,5.0,7.0,0.0,5.0,0.0,0.0,29.411764705882355,41.17647058823529,0.0,29.411764705882355,0.0,0.0,"[22, 140, 263]",True,"[2.5, 4.1, 4.7]","[33.33, 33.33, 33.33]"
630,ML-Guided,,False,0.99,1.0,0.26,5.09,1.33,1.0,True,False,False,long,2.42,47.16,559,6,False,True,True,False,bullish,False,16,53,106,16,4.29,5,11,68,34,86,30,36,1.67,1.14,0.2223,True,15,0.02,False,35,1.59,False,20,58,13,False,27,39.4,True,False,2.29,False,11,True,16,0.22,5m,5m,PARTIUSDT,3.0,0.6666666666666666,7.097952939226113,14.473269695537676,2.5943180003007136,2.365984313075371,0.6762428119119879,0.7500000000000003,0.0,1.0,2.0,0.0,0.0,0.0,0.0,33.33333333333333,66.66666666666666,0.0,0.0,0.0,0.0,"[16, 102, 294]",False,[2.4],[100.0]
650,ML-Guided,,False,0.99,1.0,0.22,4.84,1.24,1.0,False,False,False,short,3.07,5.38,594,3,False,True,True,False,bearish,False,18,81,228,15,3.63,10,27,84,44,95,21,49,3.97,1.05,0.1168,True,5,0.02,True,42,2.25,True,9,30,18,False,27,39.4,False,False,2.29,False,11,True,31,0.04,5m,5m,PARTIUSDT,2.0,1.0,7.067764874999943,0.0,1000.0,3.533882437499972,0.4547351249999999,0.7499999999999902,0.0,0.0,2.0,0.0,0.0,0.0,0.0,0.0,100.0,0.0,0.0,0.0,0.0,"[12, 138, 251]",False,[1.5],[100.0]
493,ML-Guided,,False,0.99,1.0,0.15,5.97,1.12,1.0,True,False,False,short,2.15,44.71,133,3,False,True,True,False,bullish,False,14,55,242,10,3.42,4,6,61,41,89,23,58,2.83,2.81,0.8401,False,36,0.6438,False,35,1.59,True,9,38,19,False,27,39.4,False,True,1.73,True,24,False,35,-0.1,5m,5m,PARTIUSDT,2.0,1.0,6.91748413124999,0.0,1000.0,3.458742065624995,0.2288908687499999,0.7499999999999758,0.0,0.0,2.0,0.0,0.0,0.0,0.0,0.0,100.0,0.0,0.0,0.0,0.0,"[36, 70, 297]",False,"[1.0, 4.7]","[50.0, 50.0]"
406,ML-Guided,,False,0.99,1.0,0.21,0.57,1.5,1.21,True,False,False,short,0.57,7.33,333,8,False,True,True,False,bullish,False,7,38,111,11,3.86,3,29,82,17,97,2,42,3.36,2.09,0.3743,True,26,0.48,True,24,3.66,False,20,58,13,False,27,39.4,False,False,2.29,False,11,False,35,-0.1,5m,5m,PARTIUSDT,7.0,0.5714285714285714,6.8437989584534105,10.459239299696852,2.3789862214711723,0.9776855654933444,1.5763316087552437,0.7499999999999822,0.0,6.0,0.0,0.0,2.0,0.0,0.0,75.0,0.0,0.0,25.0,0.0,0.0,"[11, 132, 185]",True,"[2.6, 3.0, 4.0]","[33.33, 33.33, 33.33]"
522,ML-Guided,,False,0.99,1.0,0.37,5.91,0.84,1.91,True,False,False,short,4.75,9.23,668,3,False,True,True,False,bullish,False,6,83,203,16,1.69,8,7,78,45,94,26,21,1.81,2.42,0.1062,False,36,0.6438,False,35,1.59,False,20,58,13,True,24,37.2,True,False,2.29,False,11,True,11,0.06,5m,5m,PARTIUSDT,6.0,0.8333333333333334,6.824413072916654,0.1042596136884023,206.4640110061468,1.1374021788194424,0.44537859375,0.5000000000000041,0.0,1.0,5.0,0.0,0.0,0.0,0.0,16.666666666666664,83.33333333333334,0.0,0.0,0.0,0.0,"[48, 90, 151]",True,"[1.2, 1.2, 3.9]","[33.33, 33.33, 33.33]"
378,ML-Guided,,False,0.99,1.0,0.76,4.93,0.54,1.0,False,False,False,long,1.38,48.87,444,9,True,True,True,False,bearish,False,20,134,231,18,4.53,3,22,68,25,89,18,34,1.25,2.57,0.939,False,36,0.6438,False,35,1.59,True,8,54,15,True,30,22.9,False,True,0.36,False,11,True,26,0.02,5m,5m,PARTIUSDT,1.0,1.0,6.792165550000009,0.0,1000.0,6.792165550000009,0.2288344499999999,0.7499999999999716,0.0,0.0,1.0,0.0,0.0,0.0,0.0,0.0,100.0,0.0,0.0,0.0,0.0,"[39, 123, 265]",False,[2.8],[100.0]
519,ML-Guided,,False,0.99,1.0,0.36,5.55,0.89,1.0,False,False,False,short,3.48,36.13,206,3,False,True,True,False,bullish,False,20,81,106,7,2.01,10,11,65,43,97,26,49,4.15,1.6,0.0382,True,9,0.24,True,10,3.01,False,20,58,13,False,27,39.4,False,True,1.63,True,9,False,35,-0.1,5m,5m,PARTIUSDT,1.0,1.0,6.792165549999988,0.0,1000.0,6.792165549999988,0.2288344499999999,0.7499999999999636,0.0,0.0,1.0,0.0,0.0,0.0,0.0,0.0,100.0,0.0,0.0,0.0,0.0,"[36, 65, 264]",False,[2.8],[100.0]
304,ML-Guided,,False,0.99,1.0,0.51,5.42,1.49,1.0,True,False,False,long,2.85,36.1,182,7,False,True,True,False,bullish,False,3,32,117,13,2.85,1,25,79,32,90,2,14,3.69,1.03,0.04,False,36,0.6438,False,35,1.59,True,23,39,17,False,27,39.4,True,True,0.59,False,11,True,29,0.2,5m,5m,PARTIUSDT,3.0,0.3333333333333333,6.777899843593389,37.50378895385425,1.292325287263096,2.259299947864463,0.6803812264815335,0.7499999999999805,0.0,2.0,0.0,1.0,1.0,0.0,0.0,50.0,0.0,25.0,25.0,0.0,0.0,"[36, 82, 161]",False,[2.0],[100.0]
663,ML-Guided,,False,0.99,1.0,0.83,5.09,0.94,1.0,True,False,False,long,1.31,30.86,445,9,True,True,True,False,bearish,False,20,143,168,3,3.83,1,21,60,22,79,13,16,3.21,0.82,0.6564,True,30,0.65,True,11,3.57,False,20,58,13,False,27,39.4,False,True,0.77,False,11,True,16,-0.08,5m,5m,PARTIUSDT,2.0,1.0,6.508453387500004,0.0,1000.0,3.254226693750002,0.2212966124999999,0.3750000000000035,0.0,0.0,2.0,0.0,0.0,0.0,0.0,0.0,100.0,0.0,0.0,0.0,0.0,"[44, 146, 191]",False,"[2.5, 2.9]","[50.0, 50.0]"
144,ML-Guided,,False,0.99,1.0,0.84,5.45,1.25,1.0,True,False,False,long,2.09,49.92,164,3,True,True,True,False,bullish,False,9,44,229,4,4.72,4,25,79,26,91,22,46,3.79,2.91,0.0799,False,36,0.6438,True,46,3.42,False,20,58,13,True,35,25.4,True,True,0.47,False,11,False,35,-0.1,5m,5m,PARTIUSDT,2.0,1.0,6.2908912249999975,0.0,1000.0,3.1454456124999988,0.2286087749999999,0.7499999999999722,0.0,0.0,2.0,0.0,0.0,0.0,0.0,0.0,100.0,0.0,0.0,0.0,0.0,"[35, 118, 297]",False,"[1.2, 4.0]","[50.0, 50.0]"
597,ML-Guided,,False,0.99,1.0,0.32,5.32,0.26,1.0,True,False,False,long,2.89,33.48,347,5,True,True,True,False,bearish,False,15,73,168,14,4.7,2,12,64,39,75,20,34,1.8,1.62,0.1525,False,36,0.6438,False,35,1.59,False,20,58,13,False,27,39.4,False,True,1.16,False,11,True,24,-0.14,5m,5m,PARTIUSDT,2.0,0.5,6.030327567394175,15.603398780487623,2.545901031494556,3.0151637836970875,0.4542680680359434,0.7499999999999762,0.0,0.0,0.0,2.0,0.0,0.0,0.0,0.0,0.0,100.0,0.0,0.0,0.0,"[34, 102, 176]",False,"[2.6, 4.3]","[50.0, 50.0]"
36,ML-Guided,,False,0.99,1.0,0.57,4.56,1.1,1.0,False,False,False,both,1.76,49.36,320,10,False,True,True,False,bearish,False,29,86,166,13,3.52,3,13,66,21,80,10,49,3.88,2.95,0.1926,False,36,0.6438,False,35,1.59,False,20,58,13,False,27,39.4,False,False,2.29,False,11,True,28,-0.12,5m,5m,PARTIUSDT,2.0,1.0,5.885047981249995,0.0,1000.0,2.9425239906249976,0.22157701875,0.7500000000000002,0.0,0.0,2.0,0.0,0.0,0.0,0.0,0.0,100.0,0.0,0.0,0.0,0.0,"[26, 54, 156]",False,"[1.0, 3.9]","[50.0, 50.0]"
477,ML-Guided,,False,0.99,1.0,0.44,5.88,1.45,1.4,True,False,False,both,1.43,30.79,676,4,True,True,True,False,bullish,False,15,104,92,17,4.45,2,5,76,44,96,6,32,4.41,2.54,0.1864,True,5,0.96,False,35,1.59,False,20,58,13,True,10,37.6,True,False,2.29,True,9,True,27,0.06,5m,5m,PARTIUSDT,3.0,1.0,5.873399584709399,0.0,1000.0,1.9577998615698,0.228420819181751,0.2499999999999945,0.0,0.0,3.0,0.0,0.0,0.0,0.0,0.0,100.0,0.0,0.0,0.0,0.0,"[44, 101, 178]",True,"[2.5, 2.9, 3.8]","[33.33, 33.33, 33.33]"
665,ML-Guided,,False,0.99,1.0,0.55,5.62,1.31,1.0,False,False,False,long,4.39,37.53,604,8,True,True,True,False,bearish,False,28,142,88,16,4.11,2,26,57,19,84,5,60,4.72,1.99,0.2934,False,36,0.6438,True,14,2.23,True,8,54,9,False,27,39.4,True,False,2.29,False,11,False,35,-0.1,5m,5m,PARTIUSDT,3.0,0.6666666666666666,5.731784602955905,20.276454235931386,1.9115906833999383,1.9105948676519684,0.6700941545591181,0.750000000000015,0.0,0.0,2.0,1.0,0.0,0.0,0.0,0.0,66.66666666666666,33.33333333333333,0.0,0.0,0.0,"[37, 87, 295]",False,[2.5],[100.0]
664,ML-Guided,,False,0.99,1.0,0.27,5.21,0.16,1.0,False,False,False,long,3.92,32.59,494,12,False,True,True,False,bullish,False,27,128,132,4,4.3,7,8,62,34,84,29,16,2.86,0.48,0.1474,False,36,0.6438,True,49,1.97,False,20,58,13,False,27,39.4,False,False,2.29,False,11,True,10,0.04,5m,5m,PARTIUSDT,4.0,0.75,5.670122677046786,9.10988690394785,3.2940142399135914,1.4175306692616965,0.4458977907894736,0.7500000000000077,0.0,1.0,3.0,0.0,1.0,0.0,0.0,20.0,60.0,0.0,20.0,0.0,0.0,"[27, 146, 154]",False,"[1.8, 3.2]","[50.0, 50.0]"
511,ML-Guided,,False,0.99,1.0,0.77,5.0,1.11,1.0,True,False,False,long,0.59,10.15,473,6,True,True,True,False,bullish,False,28,101,67,9,3.44,1,6,62,39,90,29,31,3.4,0.52,0.5604,False,36,0.6438,False,35,1.59,False,20,58,13,False,27,39.4,False,True,2.04,True,17,True,36,-0.07,5m,5m,PARTIUSDT,1.0,1.0,5.288342574999991,0.0,1000.0,5.288342574999991,0.2281574249999999,0.7499999999999758,0.0,0.0,1.0,0.0,0.0,0.0,0.0,0.0,100.0,0.0,0.0,0.0,0.0,"[42, 85, 299]",False,[2.2],[100.0]
507,ML-Guided,,False,0.99,1.0,0.13,5.01,0.56,1.46,True,False,False,long,0.93,40.6,447,2,False,True,True,False,bearish,False,26,63,242,16,2.95,2,10,61,38,81,23,54,4.64,0.81,0.9523,False,36,0.6438,False,35,1.59,False,20,58,13,False,27,39.4,False,False,2.29,False,11,False,35,-0.1,5m,5m,PARTIUSDT,3.0,1.0,5.116591840883951,0.0,1000.0,1.7055306136279835,0.2219226684707903,0.7500000000000003,0.0,0.0,3.0,0.0,0.0,0.0,0.0,0.0,100.0,0.0,0.0,0.0,0.0,"[41, 106, 217]",True,"[1.3, 2.5, 4.8]","[33.33, 33.33, 33.33]"
343,ML-Guided,,False,0.99,1.0,0.91,5.37,0.91,1.0,True,False,False,short,0.66,11.0,43,10,False,True,True,False,bullish,False,15,43,195,20,4.6,6,9,74,20,96,12,59,1.48,2.41,0.5737,False,36,0.6438,False,35,1.59,True,13,49,15,True,9,31.3,True,True,0.47,True,21,True,29,-0.01,5m,5m,PARTIUSDT,1.0,1.0,5.037705412499979,0.0,1000.0,5.037705412499979,0.2280445874999999,0.7499999999999953,0.0,0.0,1.0,0.0,0.0,0.0,0.0,0.0,100.0,0.0,0.0,0.0,0.0,"[50, 70, 216]",False,[2.1],[100.0]
635,ML-Guided,,False,0.99,1.0,0.41,5.7,1.31,1.0,False,False,False,both,3.16,45.2,393,4,True,True,True,False,bullish,False,6,94,69,16,2.61,6,7,67,33,93,28,32,3.74,2.04,0.8363,True,25,0.59,False,35,1.59,False,20,58,13,False,27,39.4,True,False,2.29,False,11,False,35,-0.1,5m,5m,PARTIUSDT,11.0,0.7272727272727273,4.925664856197638,38.975680654040495,1.2577094160857856,0.4477877141997853,1.5673531419008555,0.6136363636363634,0.0,0.0,8.0,3.0,0.0,0.0,0.0,0.0,72.72727272727273,27.27272727272727,0.0,0.0,0.0,"[44, 95, 229]",False,"[2.1, 2.9]","[50.0, 50.0]"
504,ML-Guided,,False,0.99,1.0,0.94,5.54,1.05,1.0,True,False,False,short,2.6,28.29,110,5,True,True,True,False,bullish,False,22,133,55,3,1.01,6,13,64,44,84,10,15,4.57,2.38,0.9601,False,36,0.6438,False,35,1.59,True,24,60,17,False,27,39.4,True,False,2.29,True,25,True,16,-0.12,5m,5m,PARTIUSDT,2.0,1.0,4.8875993312500094,0.0,1000.0,2.4437996656250047,0.22202566875,0.7499999999999878,0.0,0.0,2.0,0.0,0.0,0.0,0.0,0.0,100.0,0.0,0.0,0.0,0.0,"[41, 147, 265]",False,"[0.6, 3.5]","[50.0, 50.0]"
402,ML-Guided,,False,0.99,1.0,0.42,5.88,0.62,3.33,True,False,False,short,3.75,46.58,213,1,True,True,True,False,bearish,False,21,103,104,18,3.7,6,29,69,20,93,13,49,2.1,1.1,0.8711,True,9,0.56,False,35,1.59,True,21,26,11,False,27,39.4,True,True,2.31,False,11,True,39,0.2,5m,5m,PARTIUSDT,12.0,0.6666666666666666,4.8857593072210985,27.23030755294665,1.5216593585175289,0.4071466089350915,1.1315738975988143,0.4999999999999982,0.0,1.0,9.0,2.0,1.0,0.0,0.0,7.6923076923076925,69.23076923076923,15.384615384615383,7.6923076923076925,0.0,0.0,"[11, 95, 282]",True,"[1.5, 3.2, 3.9]","[33.33, 33.33, 33.33]"
162,ML-Guided,,False,0.99,1.0,0.39,4.82,1.27,3.97,False,False,False,long,4.26,29.68,520,4,False,True,True,False,bearish,False,4,44,76,15,1.69,7,5,55,45,95,14,24,4.02,2.33,0.8337,True,13,0.24,False,35,1.59,True,7,33,20,True,9,18.2,True,True,0.35,False,11,True,5,0.16,5m,5m,PARTIUSDT,3.0,1.0,4.870613970833304,0.0,1000.0,1.623537990277768,0.2279693624999999,0.2499999999999945,0.0,0.0,3.0,0.0,0.0,0.0,0.0,0.0,100.0,0.0,0.0,0.0,0.0,"[27, 117, 207]",True,"[0.9, 2.5, 2.7]","[33.33, 33.33, 33.33]"
404,ML-Guided,,False,0.99,1.0,0.59,5.2,1.08,1.0,True,False,False,short,0.71,7.96,495,7,True,True,True,False,bullish,False,10,37,148,6,4.6,6,11,65,33,87,7,56,2.06,1.21,0.8849,False,36,0.6438,False,35,1.59,True,23,40,17,True,37,27.5,False,True,0.59,True,20,False,35,-0.1,5m,5m,PARTIUSDT,1.0,1.0,4.787068250000021,0.0,1000.0,4.787068250000021,0.22793175,0.7499999999999956,0.0,0.0,1.0,0.0,0.0,0.0,0.0,0.0,100.0,0.0,0.0,0.0,0.0,"[49, 58, 227]",False,[2.0],[100.0]
188,ML-Guided,,False,0.99,1.0,0.72,5.83,1.18,1.0,False,False,False,long,4.28,47.7,253,11,True,True,True,False,bullish,False,11,77,53,8,1.78,6,9,71,45,98,10,25,4.87,1.55,0.0477,True,3,0.51,True,17,2.95,False,20,58,13,False,27,39.4,True,False,2.29,False,11,True,38,0.2,5m,5m,PARTIUSDT,1.0,1.0,4.762918249999996,0.0,1000.0,4.762918249999996,0.22208175,0.750000000000013,0.0,0.0,1.0,0.0,0.0,0.0,0.0,0.0,100.0,0.0,0.0,0.0,0.0,"[11, 126, 274]",False,[2.0],[100.0]
61,ML-Guided,,False,0.99,1.0,0.52,5.76,0.4,1.0,True,False,False,both,2.0,49.95,169,11,True,True,True,False,bullish,False,19,105,150,14,3.89,7,24,71,33,95,13,38,4.56,1.31,0.8188,False,36,0.6438,True,26,3.09,True,5,30,16,True,7,37.1,True,True,0.35,False,11,True,20,0.26,5m,5m,PARTIUSDT,1.0,1.0,4.513556087499996,0.0,1000.0,4.513556087499996,0.2221939124999999,0.7500000000000151,0.0,0.0,1.0,0.0,0.0,0.0,0.0,0.0,100.0,0.0,0.0,0.0,0.0,"[15, 69, 206]",False,[1.9],[100.0]
592,ML-Guided,,False,0.99,1.0,0.78,6.0,0.36,1.0,True,False,False,both,4.79,33.13,535,12,True,True,True,False,bullish,False,7,138,88,4,1.88,2,22,59,38,85,6,42,4.64,2.5,0.0513,True,21,0.99,True,48,3.99,False,20,58,13,False,27,39.4,False,True,1.92,False,11,False,35,-0.1,5m,5m,PARTIUSDT,2.0,0.5,4.463425939002148,4.307266846824152,4.36559822097093,2.231712969501074,0.4532037166549542,0.749999999999988,0.0,0.0,1.0,1.0,0.0,0.0,0.0,0.0,50.0,50.0,0.0,0.0,0.0,"[31, 127, 221]",False,[2.4],[100.0]
303,ML-Guided,,False,0.99,1.0,0.31,5.98,0.92,0.78,False,False,False,short,2.96,21.41,370,1,True,True,True,False,bullish,False,29,100,141,11,4.92,4,5,65,45,78,24,54,1.31,1.87,0.9167,True,4,0.6,True,11,3.46,False,20,58,13,False,27,39.4,True,True,1.4,False,11,False,35,-0.1,5m,5m,PARTIUSDT,3.0,1.0,4.410785272619052,0.0,1000.0,1.470261757539684,0.2277623464285713,0.2499999999999856,0.0,0.0,3.0,0.0,0.0,0.0,0.0,0.0,100.0,0.0,0.0,0.0,0.0,"[17, 78, 247]",True,"[1.4, 2.4, 3.9]","[33.33, 33.33, 33.33]"
666,ML-Guided,,False,0.99,1.0,0.71,2.39,0.75,1.0,False,False,False,both,2.63,31.13,716,9,False,True,True,False,bearish,False,22,96,95,12,2.53,2,22,72,42,90,25,35,1.52,2.15,0.3114,False,36,0.6438,False,35,1.59,False,20,58,13,False,27,39.4,True,False,2.29,True,24,True,8,0.29,5m,5m,PARTIUSDT,5.0,0.6,4.375088745326297,22.476272354444287,1.4499271151029605,0.8750177490652595,0.9020883875792844,0.7499999999999888,0.0,3.0,1.0,0.0,2.0,0.0,0.0,50.0,16.666666666666664,0.0,33.33333333333333,0.0,0.0,"[19, 91, 171]",False,"[3.3, 4.6]","[50.0, 50.0]"
525,ML-Guided,,False,0.99,1.0,0.15,4.91,0.9,1.0,True,False,False,both,1.25,12.18,710,11,True,True,True,False,bearish,False,21,112,72,16,4.77,5,9,77,34,81,21,54,3.21,0.94,0.9118,True,19,0.55,False,35,1.59,False,20,58,13,True,23,28.8,True,True,1.05,True,19,True,22,0.25,5m,5m,PARTIUSDT,3.0,0.6666666666666666,4.327747520634576,17.79658225270801,1.6816108196972113,1.442582506878192,0.4535015620872247,0.4999999999999842,0.0,1.0,2.0,0.0,1.0,0.0,0.0,25.0,50.0,0.0,25.0,0.0,0.0,"[49, 134, 237]",False,"[4.2, 4.5]","[50.0, 50.0]"
538,ML-Guided,,False,0.99,1.0,1.0,5.63,1.48,1.4,False,False,False,short,2.73,45.72,417,3,False,True,True,False,bearish,False,15,132,153,13,4.36,1,7,84,44,92,28,38,4.74,0.98,0.7102,False,36,0.6438,False,35,1.59,True,8,52,12,True,28,33.0,False,False,2.29,True,13,True,5,-0.18,5m,5m,PARTIUSDT,1.0,1.0,3.987123885701703,0.0,1000.0,3.987123885701703,0.2275716129744042,0.7499999999999784,0.0,0.0,0.0,1.0,0.0,0.0,0.0,0.0,0.0,100.0,0.0,0.0,0.0,"[20, 58, 222]",True,"[2.1, 2.1, 3.2]","[33.33, 33.33, 33.33]"
442,ML-Guided,,False,0.99,1.0,0.21,0.31,1.25,1.0,True,False,False,both,1.54,8.23,363,2,False,True,True,False,bullish,False,13,134,233,7,4.83,2,23,62,36,90,26,55,4.81,1.19,0.6703,True,15,0.76,False,35,1.59,True,25,53,16,False,27,39.4,True,False,2.29,False,11,False,35,-0.1,5m,5m,PARTIUSDT,2.0,1.0,3.96938771909606,0.0,1000.0,1.98469385954803,0.4466627772766323,0.7500000000000077,0.0,1.0,0.0,0.0,1.0,0.0,0.0,50.0,0.0,0.0,50.0,0.0,0.0,"[41, 80, 249]",False,"[1.5, 3.9]","[50.0, 50.0]"
239,ML-Guided,,False,0.99,1.0,0.86,3.06,0.77,1.0,False,False,False,short,1.35,15.73,715,2,False,True,True,False,bullish,False,19,87,91,7,4.73,1,14,83,45,98,19,51,3.68,0.85,0.4905,True,32,0.44,True,30,3.49,True,22,48,12,False,27,39.4,False,False,2.29,False,11,True,17,0.14,5m,5m,PARTIUSDT,3.0,1.0,3.834443925000005,0.0,1000.0,1.2781479750000015,0.6790560749999999,0.7499999999999841,0.0,0.0,3.0,0.0,0.0,0.0,0.0,0.0,100.0,0.0,0.0,0.0,0.0,"[17, 143, 178]",False,[0.6],[100.0]
227,ML-Guided,,False,0.99,1.0,0.47,3.7,1.44,1.0,True,False,False,both,4.34,42.74,720,11,True,True,True,False,bullish,False,3,31,120,8,0.09,3,22,71,45,96,26,33,4.24,2.56,0.5477,False,36,0.6438,True,24,3.39,True,21,49,8,True,19,34.1,True,False,2.29,False,11,True,9,-0.09,5m,5m,PARTIUSDT,1.0,1.0,3.765469600000014,0.0,1000.0,3.765469600000014,0.2225303999999999,0.7500000000000066,0.0,0.0,1.0,0.0,0.0,0.0,0.0,0.0,100.0,0.0,0.0,0.0,0.0,"[26, 86, 237]",False,[1.6],[100.0]
540,ML-Guided,,False,0.99,1.0,0.86,5.06,0.11,1.24,False,False,False,both,4.37,43.26,167,9,False,True,True,False,bearish,False,28,63,63,14,4.53,3,10,62,45,85,30,53,2.78,1.08,0.6485,True,35,0.91,False,35,1.59,True,16,51,13,False,27,39.4,False,True,0.74,False,11,False,35,-0.1,5m,5m,PARTIUSDT,3.0,1.0,3.719341138308871,0.0,1000.0,1.2397803794362905,0.2274510564876584,0.7499999999999956,0.0,0.0,3.0,0.0,0.0,0.0,0.0,0.0,100.0,0.0,0.0,0.0,0.0,"[35, 64, 285]",True,"[0.9, 2.5, 4.3]","[33.33, 33.33, 33.33]"
250,ML-Guided,,False,0.99,1.0,0.93,5.1,0.6,1.0,True,False,False,long,3.98,19.55,664,12,False,True,True,False,bullish,False,30,127,144,6,4.57,8,6,67,45,76,24,51,4.38,2.77,0.3813,True,27,0.8,False,35,1.59,True,10,35,8,False,27,39.4,False,False,2.29,False,11,True,24,-0.18,5m,5m,PARTIUSDT,2.0,1.0,3.689815399954409,0.0,1000.0,1.8449076999772045,0.2274377639237451,0.749999999999985,0.0,0.0,1.0,1.0,0.0,0.0,0.0,0.0,50.0,50.0,0.0,0.0,0.0,"[21, 86, 169]",False,"[0.9, 2.7]","[50.0, 50.0]"
626,ML-Guided,,False,0.99,1.0,0.63,5.47,0.48,0.98,True,False,False,both,2.52,42.97,170,7,True,True,True,False,bearish,False,18,92,241,3,3.02,5,13,65,43,87,18,40,4.68,0.53,0.2686,True,27,0.56,False,35,1.59,False,20,58,13,True,30,17.0,False,False,2.29,False,11,True,22,-0.19,5m,5m,PARTIUSDT,4.0,0.75,3.648975969817101,1.2609268103899347,10.973809470278958,0.9122439924542752,0.4480301277439023,0.3749999999999929,0.0,0.0,3.0,1.0,0.0,0.0,0.0,0.0,75.0,25.0,0.0,0.0,0.0,"[36, 93, 204]",True,"[1.0, 1.1, 3.0]","[33.33, 33.33, 33.33]"
599,ML-Guided,,False,0.99,1.0,0.61,5.75,1.08,1.0,True,False,False,both,4.56,26.51,254,8,False,True,True,False,bearish,False,21,113,250,3,2.17,7,21,59,40,82,2,16,1.28,0.64,0.5589,True,9,0.62,False,35,1.59,True,12,59,18,False,27,39.4,False,False,2.29,False,11,True,7,-0.21,5m,5m,PARTIUSDT,22.0,0.7272727272727273,3.076519069494337,59.59984290997542,1.0520283078185635,0.1398417758861062,2.910814499893775,0.7499999999999972,0.0,3.0,16.0,3.0,2.0,0.0,0.0,12.5,66.66666666666666,12.5,8.333333333333332,0.0,0.0,"[20, 124, 231]",False,"[2.2, 4.5]","[50.0, 50.0]"
27,ML-Guided,,False,0.99,1.0,0.64,5.29,1.16,1.0,True,False,False,short,4.7,35.43,489,10,True,True,True,False,bearish,False,25,50,236,15,0.36,7,20,80,23,96,13,10,2.83,2.37,0.9991,True,30,0.51,False,35,1.59,False,20,58,13,True,39,39.4,True,True,1.37,False,11,False,35,-0.1,5m,5m,PARTIUSDT,9.0,0.7777777777777778,2.874266902496624,19.738582047040865,1.4378538058445098,0.3193629891662916,1.1198276574480248,0.7500000000000002,0.0,1.0,7.0,1.0,0.0,0.0,0.0,11.11111111111111,77.77777777777779,11.11111111111111,0.0,0.0,0.0,"[11, 149, 216]",False,"[1.0, 1.4]","[50.0, 50.0]"
389,ML-Guided,,False,0.99,1.0,0.36,0.28,1.43,1.0,False,False,False,both,0.64,25.55,181,6,True,True,True,False,bearish,False,3,67,94,20,4.0,8,12,74,23,91,17,60,2.59,3.0,0.1196,True,32,0.78,False,35,1.59,False,20,58,13,True,31,28.3,True,True,0.87,False,11,True,13,0.3,5m,5m,PARTIUSDT,3.0,0.6666666666666666,2.63138554500002,3.46332734369704,3.837198613581938,0.8771285150000067,0.678514455,0.7499999999999819,0.0,0.0,0.0,0.0,0.0,0.0,0.0,0.0,0.0,0.0,0.0,0.0,0.0,"[38, 73, 262]",False,[0.8],[100.0]
47,ML-Guided,,False,0.99,1.0,0.64,5.48,1.19,2.74,False,False,False,long,2.84,19.28,597,9,False,True,True,False,bearish,False,12,107,100,14,4.68,3,16,67,17,85,11,41,4.02,2.48,0.1466,False,36,0.6438,True,32,2.46,False,20,58,13,True,8,31.8,False,False,2.29,False,11,True,14,0.14,5m,5m,PARTIUSDT,14.0,0.8571428571428571,2.5895486649187367,36.251216643612544,1.1187169281023066,0.1849677617799097,1.345665156219512,0.4285714285714282,0.0,1.0,12.0,1.0,0.0,0.0,0.0,7.142857142857142,85.71428571428571,7.142857142857142,0.0,0.0,0.0,"[21, 65, 176]",True,"[1.7, 2.9, 3.0]","[33.33, 33.33, 33.33]"
503,ML-Guided,,False,0.99,1.0,0.34,5.98,0.18,1.0,True,False,False,long,3.18,46.71,694,3,False,True,True,False,bullish,False,18,123,196,19,2.37,2,15,70,35,76,24,44,2.43,0.86,0.1511,True,31,0.33,True,24,3.56,False,20,58,13,True,10,37.7,True,False,2.29,False,11,True,24,-0.11,5m,5m,PARTIUSDT,20.0,0.55,2.449654929787844,46.42482108885422,1.0305766304820296,0.1224827464893922,4.471240232177116,0.7500000000000024,0.0,3.0,11.0,6.0,2.0,0.0,0.0,13.636363636363637,50.0,27.27272727272727,9.090909090909092,0.0,0.0,"[18, 121, 166]",False,[3.1],[100.0]
85,ML-Guided,,False,0.99,1.0,0.27,2.09,0.14,1.0,True,False,False,both,1.91,49.73,335,5,False,True,True,False,bullish,False,26,125,242,16,1.78,6,19,84,40,98,4,22,3.96,2.93,0.5567,False,36,0.6438,True,25,3.06,False,20,58,13,True,38,34.2,False,False,2.29,False,11,True,13,-0.22,5m,5m,PARTIUSDT,3.0,0.6666666666666666,2.240526139927024,3.2058369749551625,3.483374737334966,0.7468420466423414,0.452561889613293,0.7499999999999686,0.0,2.0,1.0,0.0,2.0,0.0,0.0,40.0,20.0,0.0,40.0,0.0,0.0,"[12, 150, 259]",False,"[2.1, 3.4]","[50.0, 50.0]"
628,ML-Guided,,False,0.99,1.0,0.17,5.2,0.12,5.38,True,False,False,short,2.52,48.08,594,3,False,True,True,False,bullish,False,16,34,122,4,0.93,7,18,59,29,82,23,59,3.25,2.56,0.8984,False,36,0.6438,True,38,1.61,True,8,56,11,True,30,24.3,False,False,2.29,True,10,False,35,-0.1,5m,5m,PARTIUSDT,3.0,0.6666666666666666,2.2277362645833323,0.1218396221764155,68.07091488961997,0.7425787548611108,0.22322206875,0.749999999999995,0.0,1.0,2.0,0.0,0.0,0.0,0.0,33.33333333333333,66.66666666666666,0.0,0.0,0.0,0.0,"[37, 83, 186]",True,"[1.3, 1.6, 2.5]","[33.33, 33.33, 33.33]"
191,ML-Guided,,False,0.99,1.0,0.29,5.05,0.42,1.0,True,False,False,short,2.77,8.86,468,8,False,True,True,False,bearish,False,29,32,217,5,0.22,2,12,64,45,92,24,54,4.21,2.04,0.9032,True,26,0.66,True,36,3.98,False,20,58,13,False,27,39.4,False,False,2.29,True,12,True,31,0.24,5m,5m,PARTIUSDT,2.0,1.0,2.155378043749999,0.0,1000.0,1.0776890218749997,0.2267469562499999,0.3749999999999818,0.0,0.0,2.0,0.0,0.0,0.0,0.0,0.0,100.0,0.0,0.0,0.0,0.0,"[13, 107, 266]",False,"[0.8, 1.1]","[50.0, 50.0]"
528,ML-Guided,,False,0.99,1.0,0.91,5.83,0.54,1.0,True,False,False,both,2.44,39.55,716,11,False,True,True,False,bearish,False,19,96,248,13,3.23,8,19,73,22,82,14,36,4.48,2.46,0.9353,False,36,0.6438,True,35,1.56,True,6,35,18,True,37,25.7,False,True,0.49,False,11,False,35,-0.1,5m,5m,PARTIUSDT,2.0,1.0,2.1553780437499954,0.0,1000.0,1.0776890218749977,0.2267469562499999,0.3749999999999858,0.0,0.0,2.0,0.0,0.0,0.0,0.0,0.0,100.0,0.0,0.0,0.0,0.0,"[21, 138, 193]",False,"[0.9, 1.0]","[50.0, 50.0]"
87,ML-Guided,,False,0.99,1.0,0.89,5.64,0.17,1.0,False,False,False,short,3.24,25.15,239,10,True,True,True,False,bearish,False,20,147,228,20,4.83,2,25,71,42,76,10,19,1.74,2.16,0.4695,True,26,0.49,False,35,1.59,False,20,58,13,False,27,39.4,True,True,1.66,True,30,False,35,-0.1,5m,5m,PARTIUSDT,3.0,0.6666666666666666,2.13167214241806,25.48671418032781,1.3345542508674442,0.71055738080602,0.4433073657786885,0.4999999999999896,0.0,1.0,2.0,0.0,1.0,0.0,0.0,25.0,50.0,0.0,25.0,0.0,0.0,"[18, 105, 183]",False,"[3.4, 3.6]","[50.0, 50.0]"
430,ML-Guided,,False,0.99,1.0,0.58,5.1,1.23,1.0,False,False,False,long,2.95,37.87,712,1,False,True,True,False,bullish,False,17,84,60,5,4.79,1,24,75,33,97,7,50,4.69,0.76,0.9122,False,36,0.6438,False,35,1.59,False,20,58,13,False,27,39.4,False,True,1.96,False,11,True,38,-0.05,5m,5m,PARTIUSDT,2.0,1.0,2.055021624999948,0.0,1000.0,1.027510812499974,0.4524783749999999,0.7499999999999782,0.0,0.0,2.0,0.0,0.0,0.0,0.0,0.0,100.0,0.0,0.0,0.0,0.0,"[48, 99, 239]",False,[0.5],[100.0]
237,ML-Guided,,False,0.99,1.0,0.13,5.49,0.79,1.0,True,False,False,both,3.59,24.97,435,7,True,True,True,False,bullish,False,17,31,217,15,0.39,5,12,69,45,78,29,59,2.15,2.86,0.8477,True,3,0.13,False,35,1.59,False,20,58,13,False,27,39.4,True,False,2.29,False,11,False,35,-0.1,5m,5m,PARTIUSDT,1.0,1.0,2.030059462499993,0.0,1000.0,2.030059462499993,0.2266905375,0.7499999999999956,0.0,0.0,1.0,0.0,0.0,0.0,0.0,0.0,100.0,0.0,0.0,0.0,0.0,"[39, 102, 157]",False,[0.9],[100.0]
539,ML-Guided,,False,0.99,1.0,0.44,5.78,0.25,1.0,True,False,False,short,0.96,44.95,498,2,False,True,True,False,bearish,False,6,66,67,10,1.73,3,6,84,32,87,10,17,4.76,2.49,0.8208,False,36,0.6438,False,35,1.59,False,20,58,13,False,27,39.4,True,False,2.29,True,12,False,35,-0.1,5m,5m,PARTIUSDT,1.0,1.0,1.5287851374999883,0.0,1000.0,1.5287851374999883,0.2264648624999999,0.7499999999999758,0.0,0.0,0.0,0.0,0.0,0.0,0.0,0.0,0.0,0.0,0.0,0.0,0.0,"[25, 73, 294]",False,[0.7],[100.0]
436,ML-Guided,,False,0.99,1.0,0.82,3.68,0.94,1.0,True,False,False,both,0.7,36.21,711,9,False,True,True,False,bearish,False,20,108,225,8,3.76,10,25,84,36,98,7,21,3.97,2.9,0.9621,True,8,0.54,True,48,2.51,False,20,58,13,True,15,37.3,True,False,2.29,False,11,False,35,-0.1,5m,5m,PARTIUSDT,2.0,0.5,1.3831809470394605,2.31134639817174,3.215801890018801,0.6915904735197302,0.2236019476973684,0.3750000000000075,0.0,1.0,1.0,0.0,1.0,0.0,0.0,33.33333333333333,33.33333333333333,0.0,33.33333333333333,0.0,0.0,"[50, 58, 159]",False,"[1.7, 3.2]","[50.0, 50.0]"
258,ML-Guided,,False,0.99,1.0,0.38,3.24,0.58,1.0,False,False,False,long,1.83,47.9,295,2,False,True,True,False,bearish,False,23,60,157,15,1.28,9,11,82,45,89,7,24,4.3,1.12,0.47,False,36,0.6438,True,40,3.71,False,20,58,13,True,30,34.7,False,False,2.29,False,11,False,35,-0.1,5m,5m,PARTIUSDT,4.0,0.5,1.2100694214880243,27.24263613211133,1.1166988367930253,0.3025173553720061,0.9082282683246768,0.7499999999999776,0.0,1.0,2.0,1.0,1.0,0.0,0.0,20.0,40.0,20.0,20.0,0.0,0.0,"[44, 150, 259]",False,[2.4],[100.0]
299,ML-Guided,,False,0.99,1.0,0.64,1.74,0.71,0.68,True,False,False,both,1.41,44.78,469,8,True,True,True,False,bullish,False,26,36,113,3,0.16,10,18,68,33,96,28,26,4.9,1.93,0.7061,True,40,0.05,True,21,3.22,True,14,52,5,True,19,20.6,False,True,1.3,True,13,True,31,0.3,5m,5m,PARTIUSDT,11.0,0.8181818181818182,0.9247006269391224,17.059707426068083,1.1085077125298062,0.084063693358102,1.355075899436869,0.4772727272727085,0.0,0.0,7.0,2.0,0.0,0.0,0.0,0.0,77.77777777777779,22.22222222222222,0.0,0.0,0.0,"[50, 73, 207]",True,"[0.8, 1.1, 2.4]","[33.33, 33.33, 33.33]"
211,ML-Guided,,False,0.99,1.0,0.72,0.22,1.27,1.0,True,False,False,both,4.9,19.63,344,6,False,True,True,False,bullish,False,30,128,250,4,3.83,8,25,63,45,89,29,24,1.61,1.25,0.6177,False,36,0.6438,True,25,1.81,True,7,27,16,False,27,39.4,True,True,0.86,False,11,False,35,-0.1,5m,5m,PARTIUSDT,6.0,0.3333333333333333,0.8346805893182739,9.324921089999949,1.2688916590590689,0.1391134315530456,1.354178501590909,0.7499999999999757,0.0,6.0,0.0,0.0,2.0,0.0,0.0,75.0,0.0,0.0,25.0,0.0,0.0,"[16, 63, 270]",False,[4.4],[100.0]
152,ML-Guided,,False,0.99,1.0,0.69,4.9,0.21,1.0,False,False,False,both,3.37,27.45,650,6,False,True,True,False,bearish,False,18,77,213,20,3.02,2,9,83,20,91,18,43,3.97,2.98,0.9677,False,36,0.6438,False,35,1.59,True,6,54,17,True,19,17.5,False,True,0.7,False,11,True,16,-0.26,5m,5m,PARTIUSDT,2.0,0.5,0.6474246818840843,8.056638109360897,1.2880792729169028,0.3237123409420421,0.2260680717391304,0.7499999999999791,0.0,1.0,1.0,0.0,1.0,0.0,0.0,33.33333333333333,33.33333333333333,0.0,33.33333333333333,0.0,0.0,"[21, 64, 185]",False,"[2.4, 4.0]","[50.0, 50.0]"
7,Random (Initial Phase),,False,0.99,1.0,0.32,4.7,1.04,4.67,False,False,False,both,1.14,45.27,298,3,True,True,True,False,bearish,False,6,147,73,11,3.63,6,13,68,22,84,12,17,2.61,1.91,0.714,False,36,0.6438,True,41,2.27,True,19,52,17,False,27,39.4,True,True,2.33,False,11,True,25,0.17,5m,5m,PARTIUSDT,8.0,0.875,0.5983913555458353,27.288530267847165,1.0859610280814145,0.0747989194432294,0.6728821980991402,0.5624999999999875,0.0,0.0,7.0,1.0,0.0,0.0,0.0,0.0,87.5,12.5,0.0,0.0,0.0,"[26, 64, 200]",True,"[0.7, 1.3, 2.5]","[33.33, 33.33, 33.33]"
149,ML-Guided,,False,0.99,1.0,0.76,5.07,1.2,1.0,False,False,False,both,4.45,48.72,54,5,False,True,True,False,bearish,False,10,58,236,13,3.9,7,7,81,30,92,12,52,1.8,2.94,0.565,False,36,0.6438,True,50,3.44,False,20,58,13,True,21,22.5,True,False,2.29,False,11,False,35,-0.1,5m,5m,PARTIUSDT,4.0,0.5,0.5237056428029856,40.373131273788175,1.022743841087906,0.1309264107007464,0.891219116141525,0.7499999999999828,0.0,2.0,2.0,0.0,1.0,0.0,0.0,40.0,40.0,0.0,20.0,0.0,0.0,"[32, 146, 204]",False,[4.8],[100.0]
218,ML-Guided,,False,0.99,1.0,0.41,1.61,0.57,1.0,False,False,False,short,1.42,15.88,451,12,False,True,True,False,bullish,False,20,146,113,14,3.57,6,9,70,45,86,9,49,3.65,2.31,0.0665,True,36,0.74,False,35,1.59,False,20,58,13,False,27,39.4,True,True,1.88,False,11,False,35,-0.1,5m,5m,PARTIUSDT,5.0,0.6,0.5137775642999443,22.515012315485688,1.0693019971143296,0.1027555128599888,0.8943829602639461,0.7500000000000043,0.0,2.0,2.0,0.0,2.0,0.0,0.0,33.33333333333333,33.33333333333333,0.0,33.33333333333333,0.0,0.0,"[43, 92, 159]",False,"[2.6, 3.6]","[50.0, 50.0]"
464,ML-Guided,,False,0.99,1.0,0.71,0.41,1.26,3.24,True,False,False,long,1.44,32.75,712,1,False,True,True,False,bullish,False,13,70,166,7,0.59,7,24,56,29,85,8,29,2.72,1.49,0.8665,True,12,0.97,False,35,1.59,False,20,58,13,False,27,39.4,True,True,2.01,False,11,True,19,0.09,5m,5m,PARTIUSDT,2.0,0.5,0.4373418544101324,4.67211606131289,1.3507968182891024,0.2186709272050662,0.4482514829981663,0.749999999999988,0.0,2.0,0.0,0.0,0.0,0.0,0.0,100.0,0.0,0.0,0.0,0.0,0.0,"[42, 55, 174]",True,"[0.7, 3.8, 4.9]","[33.33, 33.33, 33.33]"
386,ML-Guided,,False,0.99,1.0,0.74,5.46,0.08,2.57,True,False,False,short,4.95,8.6,655,12,False,True,True,False,bullish,False,12,73,131,4,4.75,2,12,84,22,91,11,58,4.1,2.89,0.7968,True,23,0.36,True,33,3.03,True,20,33,9,True,34,38.0,False,False,2.29,True,24,False,35,-0.1,5m,5m,PARTIUSDT,7.0,0.8571428571428571,0.3422327941666347,55.64185629000006,1.0246025432640458,0.0488903991666621,0.6774838724999999,0.6428571428571327,0.0,1.0,6.0,0.0,0.0,0.0,0.0,14.285714285714285,85.71428571428571,0.0,0.0,0.0,0.0,"[13, 143, 235]",True,"[1.0, 2.9, 4.9]","[33.33, 33.33, 33.33]"
